n_real,generador,ratio,delta_medio,delta_sd,n_seeds,ee,t,veredicto
250,block_bootstrap,1.0,-0.10772379239400227,0.10422086197375754,3,0.06017194271572375,-1.7902661528302721,no concluyente
250,block_bootstrap,3.0,-0.16999691724777222,0.12715923996479037,3,0.07341542142361994,-2.3155477956989445,no concluyente
250,block_bootstrap,5.0,-0.13178658485412595,0.08684454871755833,3,0.05013972357973387,-2.628386744983835,empeora
250,block_bootstrap,10.0,-0.13738089799880981,0.081610319437135,3,0.04711773989568124,-2.915693713301431,empeora
250,block_bootstrap,20.0,-0.10633558034896852,0.08408723708648563,3,0.048547788967294364,-2.1903279760197645,no concluyente
250,block_bootstrap,30.0,-0.09129575888315834,0.06196060933585374,3,0.0357729744792084,-2.5520874406521696,empeora
250,gaussiana,1.0,-0.09631609916687012,0.08677855630499375,3,0.05010162284257524,-1.922414758290481,no concluyente
250,gaussiana,3.0,-0.14005609353383383,0.1326356995277948,3,0.07657725682652665,-1.8289515626174517,no concluyente
250,gaussiana,5.0,-0.12738144397735593,0.12704226500787683,3,0.07334788590075747,-1.7366750576793442,no concluyente
250,gaussiana,10.0,-0.13983126481374106,0.1307011158587626,3,0.07546032442444105,-1.8530435149898552,no concluyente
250,gaussiana,20.0,-0.15294901529947916,0.1556970090669301,3,0.0898917100968117,-1.7014807609595581,no concluyente
250,gaussiana,30.0,-0.14974009990692136,0.15193507135520956,3,0.08771975434627524,-1.7070282631643008,no concluyente
250,jitter,1.0,0.00032373269399008087,0.04764259114007594,3,0.027506462819614125,0.011769332033460722,no concluyente
250,jitter,3.0,0.010996719201405825,0.01709821459175176,3,0.009871658797209866,1.1139687287929712,no concluyente
250,jitter,5.0,-0.0014857053756713683,0.010858171139593866,3,0.006268968030351544,-0.23699361178398842,no concluyente
250,jitter,10.0,0.018698175748189317,0.024578548175744005,3,0.014190431405555988,1.3176608387584614,no concluyente
250,jitter,20.0,0.03268506129582723,0.035399784424270817,3,0.02043807506660748,1.5992240555584099,no concluyente
250,jitter,30.0,0.0032806793848673688,0.021614710547592047,3,0.012479258953108112,0.26289056082535056,no concluyente
250,realnvp,1.0,-0.08165210485458373,0.13878844636642484,3,0.08012954687006532,-1.0190012054727742,no concluyente
250,realnvp,3.0,-0.07969586054484047,0.15379475838751383,3,0.08879344515498457,-0.8975421598490214,no concluyente
250,realnvp,5.0,-0.08644040425618486,0.19018837934406616,3,0.10980531201103526,-0.7872151417182599,no concluyente
250,realnvp,10.0,-0.07958509524663289,0.15356119650371391,3,0.08865859813850026,-0.8976579476511352,no concluyente
250,realnvp,20.0,-0.12327114741007483,0.16826247750786907,3,0.09714638668368157,-1.2689215895538979,no concluyente
250,realnvp,30.0,-0.10393077135086054,0.18243281055609362,3,0.10532763228358065,-0.9867379442370902,no concluyente
250,vae,1.0,-0.05975741147994995,0.04842490692798961,3,0.027958133050357378,-2.1373891944900842,no concluyente
250,vae,3.0,-0.1024022301038106,0.04868168808168327,3,0.028106385718565236,-3.6433795198423677,empeora
250,vae,5.0,-0.12179613113403322,0.07514216435994694,3,0.04338334882070648,-2.8074395924894815,empeora
250,vae,10.0,-0.0860673983891805,0.05344054305534834,3,0.03085391191864515,-2.789513323824899,empeora
250,vae,20.0,-0.07332791884740196,0.06360017304012507,3,0.03671957702522299,-1.9969706839768986,no concluyente
250,vae,30.0,-0.08891201019287114,0.08217262765966399,3,0.04744238869932589,-1.8741048381093528,no concluyente
250,wgan_gp,1.0,-0.14818513393402097,0.13008241272210558,3,0.07510311600194366,-1.9730890250969872,no concluyente
250,wgan_gp,3.0,-0.16335433721542356,0.14194744342027718,3,0.08195339466947621,-1.9932589476524196,no concluyente
250,wgan_gp,5.0,-0.08151777585347496,0.13651125901287947,3,0.0788148121385007,-1.034295123488011,no concluyente
250,wgan_gp,10.0,-0.06918303171793623,0.03406580609457246,3,0.019667902318863003,-3.517560266281396,empeora
250,wgan_gp,20.0,-0.1035759250322978,0.08268572983994832,3,0.047738628381234834,-2.169646019260402,no concluyente
250,wgan_gp,30.0,-0.12781834602355957,0.1217946750478113,3,0.07031818842471685,-1.8177138644634283,no concluyente
500,block_bootstrap,1.0,-0.13023920853932702,0.04842981362526376,3,0.02796096593334944,-4.6578937526614155,empeora
500,block_bootstrap,3.0,-0.11744179328282676,0.028069480644466665,3,0.01620592220609582,-7.246844196169923,empeora
500,block_bootstrap,5.0,-0.13050631682078043,0.06565253484222876,3,0.03790450866414206,-3.4430288485506835,empeora
500,block_bootstrap,10.0,-0.10291747252146403,0.049329390694615505,3,0.028480336996496484,-3.6136325400266314,empeora
500,block_bootstrap,20.0,-0.1193760832150777,0.07769977476628762,3,0.04485998587728945,-2.661081604921154,empeora
500,block_bootstrap,30.0,-0.09665916363398235,0.034450082452491385,3,0.019889764377550703,-4.85974402708763,empeora
500,gaussiana,1.0,-0.10303451617558801,0.08075740392597655,3,0.04662530889571791,-2.209840934373965,no concluyente
500,gaussiana,3.0,-0.10970948139826457,0.07404736691645639,3,0.04275126722199909,-2.566227588730046,empeora
500,gaussiana,5.0,-0.1253099242846171,0.0843094971411991,3,0.04867611086971329,-2.574361879896737,empeora
500,gaussiana,10.0,-0.17763113975524902,0.07599440911205795,3,0.043875392557753204,-4.0485367628661795,empeora
500,gaussiana,20.0,-0.2715882460276286,0.017181072470942745,3,0.009919496816065264,-27.37923617131203,empeora
500,gaussiana,30.0,-0.36025776465733844,0.13930854300615947,3,0.08042982480502073,-4.4791564016293846,empeora
500,jitter,1.0,0.005195736885070801,0.02240531879927716,3,0.012935716840042051,0.4016582110847991,no concluyente
500,jitter,3.0,0.03405336538950602,0.041711387087138965,3,0.024082080563032363,1.4140541262776216,no concluyente
500,jitter,5.0,0.03607902924219771,0.029741134070405774,3,0.017171051761553525,2.1011542998769412,no concluyente
500,jitter,10.0,0.02933824062347412,0.02364866731737457,3,0.013653564441662113,2.148760548853618,no concluyente
500,jitter,20.0,0.045864641666412374,0.003062015631817506,3,0.001767855549292679,25.94365907597081,mejora
500,jitter,30.0,0.054233988126118994,0.01899711578626977,3,0.010967989913029342,4.944751823822534,mejora
500,realnvp,1.0,-0.055894335110982296,0.07034689601134794,3,0.040614799348806345,-1.376206112233939,no concluyente
500,realnvp,3.0,-0.02175972859064736,0.1308798233913281,3,0.07556350126647396,-0.2879661241994582,no concluyente
500,realnvp,5.0,-0.03488687674204508,0.18578967618837286,3,0.10726571956001048,-0.32523789413007576,no concluyente
500,realnvp,10.0,-0.06885464986165367,0.17756678630148354,3,0.10251823187029828,-0.6716332168971237,no concluyente
500,realnvp,20.0,-0.07261190811793006,0.19794296589114124,3,0.11428242464144331,-0.6353724848396165,no concluyente
500,realnvp,30.0,-0.07748200496037799,0.19310402257325202,3,0.11148865941426662,-0.6949765596559234,no concluyente
500,vae,1.0,-0.034149110317230225,0.028531288899400417,3,0.016472547326395814,-2.0730922571100625,no concluyente
500,vae,3.0,-0.04646235704421995,0.02677607107519572,3,0.015459171843104802,-3.00548810219374,empeora
500,vae,5.0,-0.05295203129450479,0.04874566821741283,3,0.028143324667151484,-1.88151300248864,no concluyente
500,vae,10.0,-0.050747692584991434,0.026504683256374353,3,0.0153024860128535,-3.3163038046475144,empeora
500,vae,20.0,-0.06604512532552083,0.03515157432243735,3,0.020294770897498343,-3.254292726884734,empeora
500,vae,30.0,-0.09725411732991535,0.06497947508747556,3,0.0375159174335546,-2.592342770296491,empeora
500,wgan_gp,1.0,-0.0573484698931376,0.050970058299502304,3,0.029427576879828575,-1.9488002742233146,no concluyente
500,wgan_gp,3.0,-0.059480865796407066,0.0776494660319885,3,0.044830940115999265,-1.3267815852735048,no concluyente
500,wgan_gp,5.0,-0.06711932023366289,0.07189600786226528,3,0.041509179492938315,-1.6169753546942902,no concluyente
500,wgan_gp,10.0,-0.042273640632629374,0.09000642724615453,3,0.051965234999363785,-0.8134984982391965,no concluyente
500,wgan_gp,20.0,-0.039643228054046596,0.10212186262142509,3,0.05896008487462576,-0.6723739990935389,no concluyente
500,wgan_gp,30.0,-0.03913803895314536,0.08340031271503875,3,0.04815119299652659,-0.8128155611008143,no concluyente
1000,block_bootstrap,1.0,-0.019079387187957802,0.025473013981741687,3,0.014706851479429664,-1.2973128350853316,no concluyente
1000,block_bootstrap,3.0,-0.02625477313995363,0.02119137615259098,3,0.012234846726197018,-2.1459012709768905,no concluyente
1000,block_bootstrap,5.0,-0.050685505072275795,0.019187545455987037,3,0.011077934534102296,-4.575356977985889,empeora
1000,block_bootstrap,10.0,-0.042636752128601095,0.041287219056228425,3,0.023837187036204528,-1.788665418610145,no concluyente
1000,block_bootstrap,20.0,-0.06494822104771934,0.037790584107773285,3,0.0218184039074561,-2.9767631639418086,empeora
1000,block_bootstrap,30.0,-0.06496872504552205,0.047631523869767066,3,0.027500073128122103,-2.3624928102130673,no concluyente
1000,gaussiana,1.0,-0.12704290946324667,0.15571370052992653,3,0.08990134691746586,-1.4131368863681064,no concluyente
1000,gaussiana,3.0,-0.17040709654490152,0.20816515395339658,3,0.12018420767089341,-1.4178825974502076,no concluyente
1000,gaussiana,5.0,-0.19489552577336625,0.2103912885195203,3,0.12146946706189728,-1.6044816074977362,no concluyente
1000,gaussiana,10.0,-0.2312134703000386,0.2021412239276204,3,0.11670629004893207,-1.9811568871146235,no concluyente
1000,gaussiana,20.0,-0.3114213347434997,0.1878604090846636,3,0.10846125775510375,-2.871267964148659,empeora
1000,gaussiana,30.0,-0.3590296506881714,0.19591011071411735,3,0.11310875515776504,-3.174198586019215,empeora
1000,jitter,1.0,-0.0012930631637573242,0.023016147295492326,3,0.013288378836760572,-0.09730781908326042,no concluyente
1000,jitter,3.0,0.02472589413324992,0.030934113661769673,3,0.017859818849765202,1.3844426050029608,no concluyente
1000,jitter,5.0,0.005635917186737042,0.015549190928938429,3,0.00897732956850349,0.627794395174081,no concluyente
1000,jitter,10.0,0.001986265182495117,0.012155625675376586,3,0.0070180537558469985,0.28302222405183014,no concluyente
1000,jitter,20.0,-0.012668470541636131,0.021769028109523678,3,0.012568354239030025,-1.0079657448144803,no concluyente
1000,jitter,30.0,0.016222238540649414,0.02752909161435987,3,0.015893928454096543,1.0206563209027313,no concluyente
1000,realnvp,1.0,-0.008325894673665383,0.04741040913392304,3,0.02737241247586076,-0.3041710218639968,no concluyente
1000,realnvp,3.0,-0.03611656030019125,0.08796687396436596,3,0.05078769836309657,-0.7111281169306605,no concluyente
1000,realnvp,5.0,-0.11221053202946983,0.18420344730160088,3,0.10634990988523632,-1.0551069779989262,no concluyente
1000,realnvp,10.0,-0.08903811375300093,0.13925209217563758,3,0.08039723290282294,-1.1074773414232095,no concluyente
1000,realnvp,20.0,-0.11854118108749391,0.13160276338716145,3,0.0759808908676763,-1.5601446591872425,no concluyente
1000,realnvp,30.0,-0.10746655861536662,0.14431624176397967,3,0.08332102103086877,-1.289789266691204,no concluyente
1000,vae,1.0,0.01041555404663084,0.03817830460939868,3,0.02204225444343986,0.47252671333402024,no concluyente
1000,vae,3.0,-0.038534124692281124,0.0391295901679746,3,0.02259147941675987,-1.7056928402702982,no concluyente
1000,vae,5.0,-0.02156609296798706,0.07608005805578352,3,0.04392484199846897,-0.49097713245590635,no concluyente
1000,vae,10.0,-0.056692659854888944,0.10528466538106247,3,0.0607861298992961,-0.9326578275144548,no concluyente
1000,vae,20.0,-0.07830083370208739,0.10107997409914117,3,0.058358550255819555,-1.3417199940514146,no concluyente
1000,vae,30.0,-0.07688305775324501,0.11109555918501032,3,0.06414105100123771,-1.19865603311928,no concluyente
1000,wgan_gp,1.0,-0.07168292999267578,0.04686407786683376,3,0.027056987971740058,-2.649331480190838,empeora
1000,wgan_gp,3.0,-0.17670977115631106,0.11890576302823214,3,0.06865027429254768,-2.5740577583605337,empeora
1000,wgan_gp,5.0,-0.18760879834493002,0.1414919888032501,3,0.08169043782373196,-2.2965821134383444,no concluyente
1000,wgan_gp,10.0,-0.22781670093536377,0.116930945982467,3,0.06751011313957492,-3.3745566455259866,empeora
1000,wgan_gp,20.0,-0.21639599402745566,0.1232054349667498,3,0.07113269104367793,-3.0421454728119457,empeora
1000,wgan_gp,30.0,-0.2571025292078654,0.1359147785277276,3,0.0784704339698319,-3.2764254790117375,empeora
