n_real,generador,n_synth,delta_medio,delta_sd,n_seeds,ee,t,veredicto
250,block_bootstrap,500,-0.04305305083592736,0.0314573555756403,3,0.018161912709589702,-2.370513035953248,no concluyente
250,block_bootstrap,1000,0.013011713822682661,0.09336361396918412,3,0.05390350765762476,0.24138900023590817,no concluyente
250,block_bootstrap,3000,0.09021474917729694,0.15127783493017746,3,0.08734029871936173,1.0329109300069064,no concluyente
250,block_bootstrap,7000,0.1185177167256673,0.12553692846657588,3,0.07247877944341638,1.6352057476104873,no concluyente
250,block_bootstrap,20000,0.12154497702916461,0.1339859500167477,3,0.07735682430979704,1.5712250097341607,no concluyente
250,diffusion_ts,500,-0.12824143966039023,0.22015275396636494,3,0.12710525176531826,-1.0089389531847968,no concluyente
250,diffusion_ts,1000,0.05998692909876504,0.02696168370507478,3,0.015566335344930472,3.853632070074935,mejora
250,diffusion_ts,3000,0.13005071878433228,0.01073135198409332,3,0.006195748956784904,20.990314438404578,mejora
250,diffusion_ts,7000,0.13862584034601846,0.005551614444492624,3,0.0032052260939648314,43.24994127778978,mejora
250,diffusion_ts,20000,0.15970788399378458,0.037645090213378925,3,0.02173440296836207,7.348160620112968,mejora
250,gaussiana,500,-0.15204991896947223,0.16261724044740838,3,0.09388710754718534,-1.6194973190867097,no concluyente
250,gaussiana,1000,-0.0252537329991659,0.05361783804767218,3,0.030956273230189294,-0.8157872496918608,no concluyente
250,gaussiana,3000,0.015198687712351477,0.10140054723839997,3,0.05854363324406559,0.2596129906900188,no concluyente
250,gaussiana,7000,-0.025184671084086133,0.11555284944144888,3,0.0667144687306488,-0.37749938751316514,no concluyente
250,gaussiana,20000,-0.08964331944783534,0.1564683831098455,3,0.0903370631081348,-0.9923204979614065,no concluyente
250,jitter,500,-0.019058724244435665,0.08949927175187941,3,0.05167242863822305,-0.3688374002676076,no concluyente
250,jitter,1000,0.045057614644368506,0.0747578137482604,3,0.043161443891586056,1.0439320509653314,no concluyente
250,jitter,3000,0.11542795101801555,0.100946328539182,3,0.058281389955801136,1.980528451801727,no concluyente
250,jitter,7000,0.13264723618825275,0.11159061204475895,3,0.06442686990307668,2.0588806562821738,no concluyente
250,jitter,20000,0.11238094170888265,0.10134078813353092,3,0.058509131308782915,1.9207419285682152,no concluyente
250,realnvp,500,-0.03630691766738889,0.06775404680814455,3,0.03911781716336876,-0.9281427313737717,no concluyente
250,realnvp,1000,0.004868566989898643,0.024321023546078676,3,0.014041749491295752,0.346720826554881,no concluyente
250,realnvp,3000,0.06292420625686644,0.06802410867708614,3,0.03927373745610004,1.6021955212997683,no concluyente
250,realnvp,7000,0.1109022696812947,0.05952544677920568,3,0.03436703272160715,3.226995783420328,mejora
250,realnvp,20000,0.13668308655420935,0.1346553634924739,3,0.07774331036020671,1.7581330910777793,no concluyente
250,vae,500,-0.07023044427235924,0.06396498163253446,3,0.03693019936425324,-1.901707694010965,no concluyente
250,vae,1000,-0.05440231164296468,0.18294045784332139,3,0.10562072258151499,-0.5150723296839649,no concluyente
250,vae,3000,-0.03731779257456463,0.18620963755733796,3,0.10750818436943173,-0.347115829305879,no concluyente
250,vae,7000,-0.10546918710072835,0.22134353149754157,3,0.12779274749348804,-0.8253143403627249,no concluyente
250,vae,20000,-0.0924111803372701,0.25744881873306175,3,0.14863814479808438,-0.6217191452625092,no concluyente
1000,block_bootstrap,500,0.09339628616968791,0.11679924690824846,3,0.06743407664362282,1.385001334907732,no concluyente
1000,block_bootstrap,1000,0.06108071406682334,0.14922129357864466,3,0.08615295401645467,0.7089799155947375,no concluyente
1000,block_bootstrap,3000,0.09665634234746297,0.16766860199175657,3,0.09680351249458888,0.9984797024061071,no concluyente
1000,block_bootstrap,7000,0.11262587706247963,0.1511823942933724,3,0.08728519604201071,1.2903204915558917,no concluyente
1000,block_bootstrap,20000,0.10486410061518349,0.15582283582651554,3,0.08996435621032961,1.1656183074329953,no concluyente
1000,diffusion_ts,500,0.10276218255360921,0.14251514190856418,3,0.08228115554450725,1.2489151601428765,no concluyente
1000,diffusion_ts,1000,0.10513170560201006,0.1618167012763197,3,0.09342491604126044,1.125306931563946,no concluyente
1000,diffusion_ts,3000,0.13889439900716144,0.14931736925325925,3,0.08620842333305598,1.6111464940097497,no concluyente
1000,diffusion_ts,7000,0.16426690419514975,0.13648429836891027,3,0.07879924640344754,2.0846253193096898,no concluyente
1000,diffusion_ts,20000,0.1762839357058207,0.12140552660680619,3,0.07009351346754783,2.5149821571925814,mejora
1000,gaussiana,500,0.06390215953191121,0.06321627528314953,3,0.03649793355189187,1.7508432207828064,no concluyente
1000,gaussiana,1000,0.03435589869817098,0.06276026902201003,3,0.03623465821427082,0.9481502073238848,no concluyente
1000,gaussiana,3000,0.0025575160980224657,0.0888652046679513,3,0.05130634983663287,0.049847944867759675,no concluyente
1000,gaussiana,7000,-0.059084018071492515,0.15407525993489452,3,0.08895539279887292,-0.6641982707566788,no concluyente
1000,gaussiana,20000,-0.1266838709513346,0.18629190397363699,3,0.10755568090702723,-1.177844534877168,no concluyente
1000,jitter,500,0.11490819851557414,0.12222635657612385,3,0.0705674198712923,1.6283463207972584,no concluyente
1000,jitter,1000,0.11737676461537679,0.11333466232960124,3,0.06543379780451061,1.7938247290192522,no concluyente
1000,jitter,3000,0.164796769618988,0.1381966612455474,3,0.07978787957122431,2.065436135219996,no concluyente
1000,jitter,7000,0.165309468905131,0.1557703418843222,3,0.08993404881867346,1.838118833484643,no concluyente
1000,jitter,20000,0.16283998886744183,0.17248146913311932,3,0.09958222263422857,1.6352315158254982,no concluyente
1000,realnvp,500,0.10592641433080037,0.1373902320821732,3,0.07932228747666786,1.3353928347308182,no concluyente
1000,realnvp,1000,0.10434887806574504,0.12454892502628793,3,0.07190835539120587,1.451137041002422,no concluyente
1000,realnvp,3000,0.14682358503341672,0.16234882141813511,3,0.0937321357483788,1.566416724223167,no concluyente
1000,realnvp,7000,0.14134007692337036,0.19868770804562408,3,0.11471240172481084,1.2321255138780718,no concluyente
1000,realnvp,20000,0.15184412399927774,0.1868854268425456,3,0.10789835149516183,1.407288636899021,no concluyente
1000,vae,500,0.09149364630381267,0.10913089716987125,3,0.06300675285793053,1.4521244494239405,no concluyente
1000,vae,1000,0.0640545884768168,0.10959898572342316,3,0.06327700391032832,1.0122885806602098,no concluyente
1000,vae,3000,0.06545621156692508,0.14940196683090676,3,0.08625726576728356,0.7588486718732963,no concluyente
1000,vae,7000,0.06559169292449954,0.13464183828643078,3,0.07773550157885688,0.843780403963325,no concluyente
1000,vae,20000,0.05482878287633258,0.12182556285210687,3,0.07033602150684158,0.7795263607709086,no concluyente
3000,block_bootstrap,500,0.008499125639597574,0.014914664818759726,3,0.00861098574798397,0.9870096047467521,no concluyente
3000,block_bootstrap,1000,0.013870000839233398,0.023961847569929758,3,0.013834379144779725,1.002574867587543,no concluyente
3000,block_bootstrap,3000,0.017309765021006267,0.023259504775118976,3,0.013428881343132328,1.2889953063632262,no concluyente
3000,block_bootstrap,7000,0.020147542158762615,0.015340029898427985,3,0.008856570391234305,2.274869534001946,no concluyente
3000,block_bootstrap,20000,0.009370525677998879,0.008891280114309886,3,0.0051333829674371795,1.8254094302800625,no concluyente
3000,diffusion_ts,500,0.0022510687510172525,0.019851823156706624,3,0.011461455443429417,0.19640339415250593,no concluyente
3000,diffusion_ts,1000,0.01307151714960734,0.01612802353250137,3,0.009311518727986285,1.403800768860634,no concluyente
3000,diffusion_ts,3000,0.04444964726765952,0.020071720462026245,3,0.011588413211849773,3.8356974725588295,mejora
3000,diffusion_ts,7000,0.05772177378336588,0.017686393881602164,3,0.01021124426853676,5.6527659377633555,mejora
3000,diffusion_ts,20000,0.06146363417307534,0.009947788186425026,3,0.005743358187273868,10.701689180602814,mejora
3000,gaussiana,500,-0.02557164430618288,0.027519571264752095,3,0.015888431877687712,-1.6094504796343936,no concluyente
3000,gaussiana,1000,-0.04574914773305255,0.04050401925900446,3,0.02338500642244801,-1.9563453140272176,no concluyente
3000,gaussiana,3000,-0.10120201110839844,0.08710718129726232,3,0.05029135457032394,-2.012314282902931,no concluyente
3000,gaussiana,7000,-0.13735977808634442,0.07692526427856455,3,0.04441282203871235,-3.0927955437421883,empeora
3000,gaussiana,20000,-0.199959675470988,0.03310950872334646,3,0.019115783774160344,-10.460448696918323,empeora
3000,jitter,500,0.014747858047485352,0.007560839951620071,3,0.0043652529813675255,3.378465832435034,mejora
3000,jitter,1000,0.02130730946858724,0.007221570741051966,3,0.0041693758113182785,5.110431496903193,mejora
3000,jitter,3000,0.03229337930679319,0.010446060450409408,3,0.006031035813014975,5.3545328378093995,mejora
3000,jitter,7000,0.05028188228607178,0.03482662496261348,3,0.020107161297131037,2.500695227090369,mejora
3000,jitter,20000,0.050526281197865806,0.037546805540290835,3,0.021677658285897447,2.3307997815767783,no concluyente
3000,realnvp,500,0.014954706033070883,0.007291493638699339,3,0.004209745815097508,3.552401187605788,mejora
3000,realnvp,1000,0.021741251150767027,0.01758264521000582,3,0.010151344945062543,2.1417113957241334,no concluyente
3000,realnvp,3000,0.05148118734359741,0.018164782770144845,3,0.010487442222114203,4.908841093307032,mejora
3000,realnvp,7000,0.06586261590321861,0.02682218889386051,3,0.015485797978125358,4.253097967328103,mejora
3000,realnvp,20000,0.07988415161768597,0.011370164258640991,3,0.006564567395456638,12.168989486340577,mejora
3000,vae,500,-0.004432539145151755,0.009154337527343223,3,0.005285259235664304,-0.8386606876804653,no concluyente
3000,vae,1000,-0.03166508674621584,0.01949929977031466,3,0.011257925971400377,-2.812692748793854,empeora
3000,vae,3000,-0.029844721158345522,0.02378142753918793,3,0.013730213591463732,-2.1736530870066293,no concluyente
3000,vae,7000,-0.043462157249450684,0.029972599598233746,3,0.017304688446353123,-2.5115827646472373,empeora
3000,vae,20000,-0.06333247820536296,0.02917023889547869,3,0.016841445278630313,-3.760513255101921,empeora
10000,block_bootstrap,500,-0.004857858022054036,0.0033187004770979345,3,0.001916052613812232,-2.5353468829797454,empeora
10000,block_bootstrap,1000,-0.00046567122141520184,0.011048627116010458,3,0.006378927839604437,-0.07300148757351024,no concluyente
10000,block_bootstrap,3000,0.00364708900451662,0.0073894292141640965,3,0.004266288945955326,0.8548621649206997,no concluyente
10000,block_bootstrap,7000,-0.01114716132481893,0.013466170891720466,3,0.007774697389288314,-1.4337743022869378,no concluyente
10000,block_bootstrap,20000,-0.039224584897359215,0.00862409673260064,3,0.004979124570084352,-7.877807503156063,empeora
10000,diffusion_ts,500,0.0008324384689330869,0.008156145874620867,3,0.004708953016262214,0.17677782429730943,no concluyente
10000,diffusion_ts,1000,0.0007126728693644205,0.0060577388579341265,3,0.003497437160308724,0.20377002836600266,no concluyente
10000,diffusion_ts,3000,0.003552297751108787,0.001987415120828964,3,0.0011474346550021351,3.0958606101209107,mejora
10000,diffusion_ts,7000,-0.0005169113477071127,0.00775156385350867,3,0.004475367477463804,-0.11550143095736284,no concluyente
10000,diffusion_ts,20000,0.005566696325937888,0.013224619505980618,3,0.007635237631708286,0.7290796428941546,no concluyente
10000,gaussiana,500,-0.009721835454305014,0.005397662200944151,3,0.003116341724709774,-3.1196307443499034,empeora
10000,gaussiana,1000,-0.031187355518341064,0.016933197693357032,3,0.009776386246500833,-3.1900699023121812,empeora
10000,gaussiana,3000,-0.06732944647471112,0.01010339667490431,3,0.005833198789985574,-11.542457046089737,empeora
10000,gaussiana,7000,-0.10429195562998451,0.010203882835617104,3,0.005891214501922937,-17.702963556316416,empeora
10000,gaussiana,20000,-0.1703640023867289,0.008975420036401798,3,0.005181961174106539,-32.87635639533765,empeora
10000,jitter,500,0.0010075370470682965,0.0008384010910005342,3,0.00048405109557803436,2.0814683744598,no concluyente
10000,jitter,1000,0.002316832542419415,0.005887419398950583,3,0.0033991031748163442,0.6816011233741367,no concluyente
10000,jitter,3000,0.002674480279286721,0.0061534394005960495,3,0.003552689894376179,0.7528043141396489,no concluyente
10000,jitter,7000,0.0037952065467834473,0.010459203277881645,3,0.006038623827993984,0.6284886515350643,no concluyente
10000,jitter,20000,-0.00286869208017985,0.008838157520238666,3,0.005102712623450109,-0.5621896218486697,no concluyente
10000,realnvp,500,-0.0004456043243408203,0.006798597440673591,3,0.003925172062484799,-0.11352478751179484,no concluyente
10000,realnvp,1000,0.00472585360209149,0.007873654468943055,3,0.004545856527150373,1.0395958547890976,no concluyente
10000,realnvp,3000,0.015095372994740822,0.0039037589552642655,3,0.002253836283673236,6.69763509625412,mejora
10000,realnvp,7000,0.020482718944549522,0.006773025123637048,3,0.0039104078783599484,5.238000633616797,mejora
10000,realnvp,20000,0.034727493921915674,0.009116066979301767,3,0.005263163724450534,6.5982165366784535,mejora
10000,vae,500,-0.006792207558949807,0.010351598063957168,3,0.00597649792876848,-1.1364862231867974,no concluyente
10000,vae,1000,-0.006387611230214456,0.01723644197693029,3,0.009951464415252067,-0.6418765081875298,no concluyente
10000,vae,3000,-0.015428086121877035,0.00505032038121439,3,0.002915803831587982,-5.2911948172709256,empeora
10000,vae,7000,-0.0214093327522278,0.02429416915658015,3,0.014026245102289853,-1.5263766315286065,no concluyente
10000,vae,20000,-0.03295151392618817,0.01733004004140429,3,0.010005503282971761,-3.2933389749886874,empeora
20000,block_bootstrap,500,-0.005215783913930276,0.0035997278331741183,3,0.0020783038334924657,-2.5096349387786394,empeora
20000,block_bootstrap,1000,-0.0011155605316162294,0.013504505536695027,3,0.007796829906883666,-0.1430787313484065,no concluyente
20000,block_bootstrap,3000,-0.006636997063954708,0.007990982699680465,3,0.00461359601275016,-1.4385735217415365,no concluyente
20000,block_bootstrap,7000,-0.00712253650029504,0.0064779868346428165,3,0.003740067442787882,-1.9043871826508652,no concluyente
20000,block_bootstrap,20000,-0.03161583344141646,0.00850414076236684,3,0.004909867958378965,-6.43924311395427,empeora
20000,diffusion_ts,500,-0.0036815603574117395,0.0016308255731374744,3,0.0009415575836522466,-3.910074562971691,empeora
20000,diffusion_ts,1000,0.0007773240407307943,0.01066179198793867,3,0.006155588474280187,0.12627940350117245,no concluyente
20000,diffusion_ts,3000,-0.0022765398025512695,0.009870758077202023,3,0.0056988848329782614,-0.3994711016754378,no concluyente
20000,diffusion_ts,7000,0.006372729937235515,0.01173331808606591,3,0.006774234355477657,0.940730657197077,no concluyente
20000,diffusion_ts,20000,0.008401612440745018,0.005969447367628195,3,0.003446462044613442,2.437749881469346,no concluyente
20000,gaussiana,500,-0.0038173000017802106,0.014612401735648234,3,0.008436474075583462,-0.4524757579505995,no concluyente
20000,gaussiana,1000,-0.012590964635213253,0.013912535721062755,3,0.008032406243665866,-1.5675208963867011,no concluyente
20000,gaussiana,3000,-0.04675400257110599,0.007689725377892051,3,0.004439665016920272,-10.530975285954915,empeora
20000,gaussiana,7000,-0.07123581568400066,0.030721123625124903,3,0.017736848994773634,-4.01626104529565,empeora
20000,gaussiana,20000,-0.10368635257085167,0.02645565941652752,3,0.015274182085721223,-6.788340743153826,empeora
20000,jitter,500,-0.009670297304789244,0.0026408491367191853,3,0.0015246949599740124,-6.342447216428176,empeora
20000,jitter,1000,-0.003069162368774451,0.01706163213013853,3,0.009850537903149848,-0.3115730733641503,no concluyente
20000,jitter,3000,-0.005816121896107991,0.00924165281387231,3,0.0053356707398462405,-1.0900451282860824,no concluyente
20000,jitter,7000,-0.0013676881790161504,0.011944184180168254,3,0.006895977951670611,-0.1983312865269263,no concluyente
20000,jitter,20000,0.0014609098434448058,0.013499610417676352,3,0.007794003708600518,0.1874402294462245,no concluyente
20000,realnvp,500,-0.002725124359130878,0.010838173681122866,3,0.006257422492320204,-0.4355026949954953,no concluyente
20000,realnvp,1000,-0.0012125571568807152,0.01171370722455047,3,0.006762912019302679,-0.17929512515020735,no concluyente
20000,realnvp,3000,-0.006626506646474221,0.010552416445963398,3,0.006092440475678002,-1.0876604659377955,no concluyente
20000,realnvp,7000,0.008862813313802065,0.013507042722576185,3,0.007798294751835137,1.13650658199556,no concluyente
20000,realnvp,20000,0.002895891666412335,0.016326133232029673,3,0.009425897416338027,0.30722715710791093,no concluyente
20000,vae,500,-0.0036599834760030294,0.010591254517832485,3,0.0061148636469264255,-0.598538853412158,no concluyente
20000,vae,1000,-0.009171803792317745,0.004828387574172997,3,0.0027876708657006244,-3.290131523476176,empeora
20000,vae,3000,-0.009203791618347204,0.0028802820205697747,3,0.0016629315999179988,-5.5346784069778066,empeora
20000,vae,7000,-0.022118826707204237,0.015648567668935617,3,0.009034704756092055,-2.4482069203522814,no concluyente
20000,vae,20000,-0.03310690323511761,0.009233835674380428,3,0.00533115751225631,-6.210077860015386,empeora
