n_real,generador,ratio,seed,n_synth,n_train,val_mse,test_mse,test_mae,test_r2,epoca_mejor,segundos
1000,ninguno,0.0,0,0,1000,0.4708574116230011,0.14655905961990356,0.3045002520084381,0.3207150101661682,105,22.4
1000,ninguno,0.0,1,0,1000,0.403371125459671,0.13960234820842743,0.28626298904418945,0.352958619594574,120,18.6
1000,ninguno,0.0,2,0,1000,0.41406863927841187,0.14121098816394806,0.2844005823135376,0.34550273418426514,233,18.6
1000,jitter,1,0,1000,2000,0.4501108229160309,0.14477956295013428,0.30047664046287537,0.3289628028869629,62,25.8
1000,jitter,1,1,1000,2000,0.4109594523906708,0.1362757533788681,0.28127723932266235,0.36837702989578247,108,26.0
1000,jitter,1,2,1000,2000,0.42429760098457336,0.1471540480852127,0.2910177707672119,0.31795734167099,75,25.9
1000,gaussiana,1,0,1000,2000,0.42885085940361023,0.14294865727424622,0.29468244314193726,0.3374488353729248,87,25.9
1000,gaussiana,1,1,1000,2000,0.616001546382904,0.20269662141799927,0.34304454922676086,0.0605236291885376,38,25.9
1000,gaussiana,1,2,1000,2000,0.5177196860313416,0.16395750641822815,0.30758893489837646,0.24007517099380493,206,25.9
1000,block_bootstrap,1,0,1000,2000,0.49940305948257446,0.15699365735054016,0.31202706694602966,0.27235180139541626,53,25.9
1000,block_bootstrap,1,1,1000,2000,0.40912583470344543,0.14004383981227875,0.2857363522052765,0.35091233253479004,122,25.9
1000,block_bootstrap,1,2,1000,2000,0.44470077753067017,0.14268431067466736,0.2859628200531006,0.33867406845092773,138,26.0
1000,vae,1,0,1000,2000,0.4237726926803589,0.1355469673871994,0.2870692014694214,0.37175482511520386,80,29.0
1000,vae,1,1,1000,2000,0.3871985375881195,0.13853861391544342,0.28325074911117554,0.3578888773918152,146,28.9
1000,vae,1,2,1000,2000,0.43897879123687744,0.1465451866388321,0.2894742488861084,0.32077932357788086,72,29.2
1000,wgan_gp,1,0,1000,2000,0.6009200811386108,0.15813614428043365,0.31177666783332825,0.26705652475357056,132,38.9
1000,wgan_gp,1,1,1000,2000,0.42162129282951355,0.14747893810272217,0.2922022044658661,0.3164514899253845,107,38.9
1000,wgan_gp,1,2,1000,2000,0.5386120676994324,0.16815514862537384,0.317947655916214,0.2206195592880249,52,38.7
1000,realnvp,1,0,1000,2000,0.5296177268028259,0.15953855216503143,0.3205551505088806,0.26055651903152466,57,39.1
1000,realnvp,1,1,1000,2000,0.40198656916618347,0.13909895718097687,0.2862720787525177,0.35529178380966187,109,38.9
1000,realnvp,1,2,1000,2000,0.41129109263420105,0.13412395119667053,0.2792530953884125,0.3783503770828247,271,38.7
1000,jitter,3,0,3000,4000,0.4403342604637146,0.13416048884391785,0.28555426001548767,0.3781810402870178,82,40.9
1000,jitter,3,1,3000,4000,0.39198416471481323,0.13513095676898956,0.2818208336830139,0.37368303537368774,35,40.7
1000,jitter,3,2,3000,4000,0.41936570405960083,0.1420767605304718,0.28630390763282776,0.3414899706840515,49,40.8
1000,gaussiana,3,0,3000,4000,0.4230600595474243,0.14090244472026825,0.28904229402542114,0.3469328284263611,65,40.7
1000,gaussiana,3,1,3000,4000,0.6920357942581177,0.22341354191303253,0.35978084802627563,-0.03549695014953613,150,40.6
1000,gaussiana,3,2,3000,4000,0.5622982978820801,0.17335492372512817,0.314974844455719,0.19651919603347778,30,40.7
1000,block_bootstrap,3,0,3000,4000,0.4754787087440491,0.14694420993328094,0.3029642105102539,0.31892991065979004,63,40.6
1000,block_bootstrap,3,1,3000,4000,0.45151469111442566,0.14791248738765717,0.2938118278980255,0.3144420385360718,72,40.6
1000,block_bootstrap,3,2,3000,4000,0.4710599482059479,0.1495094895362854,0.29421526193618774,0.30704009532928467,129,40.6
1000,vae,3,0,3000,4000,0.42897897958755493,0.14526939392089844,0.2938186526298523,0.32669246196746826,32,43.8
1000,vae,3,1,3000,4000,0.4537903666496277,0.154168039560318,0.2982335090637207,0.28544825315475464,160,44.0
1000,vae,3,2,3000,4000,0.47138142585754395,0.15287673473358154,0.29428017139434814,0.29143327474594116,116,44.0
1000,wgan_gp,3,0,3000,4000,0.6563228368759155,0.17487424612045288,0.326659232378006,0.18947726488113403,155,53.1
1000,wgan_gp,3,1,3000,4000,0.4532981216907501,0.15842704474925995,0.30498409271240234,0.26570820808410645,78,53.3
1000,wgan_gp,3,2,3000,4000,0.6710246205329895,0.2084490954875946,0.35182586312294006,0.03386157751083374,219,53.7
1000,realnvp,3,0,3000,4000,0.5691585540771484,0.174956813454628,0.3346763849258423,0.18909460306167603,26,53.3
1000,realnvp,3,1,3000,4000,0.4323207437992096,0.14355537295341492,0.29716405272483826,0.3346368074417114,45,53.7
1000,realnvp,3,2,3000,4000,0.42067113518714905,0.13223719596862793,0.28085577487945557,0.38709527254104614,134,53.1
1000,jitter,5,0,5000,6000,0.436325341463089,0.14413192868232727,0.29804879426956177,0.33196449279785156,21,55.5
1000,jitter,5,1,5000,6000,0.40028616786003113,0.14217858016490936,0.28907808661460876,0.34101808071136475,18,55.4
1000,jitter,5,2,5000,6000,0.4129076898097992,0.13741396367549896,0.28410348296165466,0.3631015419960022,33,55.3
1000,gaussiana,5,0,5000,6000,0.4203064441680908,0.13857027888298035,0.2875567674636841,0.3577421307563782,43,55.3
1000,gaussiana,5,1,5000,6000,0.6884914040565491,0.22018548846244812,0.3580706715583801,-0.02053534984588623,141,55.4
1000,gaussiana,5,2,5000,6000,0.6090096235275269,0.1947656124830246,0.33656787872314453,0.0972830057144165,138,55.6
1000,block_bootstrap,5,0,5000,6000,0.47652390599250793,0.15498068928718567,0.30848386883735657,0.28168171644210815,19,55.5
1000,block_bootstrap,5,1,5000,6000,0.44691067934036255,0.14827395975589752,0.2960708439350128,0.3127666711807251,59,55.3
1000,block_bootstrap,5,2,5000,6000,0.4790462255477905,0.15692469477653503,0.30091601610183716,0.2726714611053467,98,55.4
1000,vae,5,0,5000,6000,0.405950129032135,0.1323070079088211,0.2792684733867645,0.38677167892456055,49,58.5
1000,vae,5,1,5000,6000,0.44937795400619507,0.15488691627979279,0.3016851544380188,0.2821163535118103,126,58.7
1000,vae,5,2,5000,6000,0.4721488058567047,0.15413744747638702,0.29753902554512024,0.2855900526046753,149,58.4
1000,wgan_gp,5,0,5000,6000,0.6685431599617004,0.17581728100776672,0.32995471358299255,0.18510639667510986,200,68.5
1000,wgan_gp,5,1,5000,6000,0.4615568220615387,0.1567494124174118,0.3030450940132141,0.27348387241363525,67,68.3
1000,wgan_gp,5,2,5000,6000,0.6730197072029114,0.21623824536800385,0.36461934447288513,-0.002240300178527832,1,68.5
1000,realnvp,5,0,5000,6000,0.6765149235725403,0.21568435430526733,0.3649824261665344,0.0003269314765930176,1,68.4
1000,realnvp,5,1,5000,6000,0.4357147216796875,0.1495063453912735,0.29956215620040894,0.30705469846725464,25,67.7
1000,realnvp,5,2,5000,6000,0.44279882311820984,0.1348116099834442,0.2863105833530426,0.37516313791275024,52,68.7
1000,jitter,10,0,10000,11000,0.44427332282066345,0.14419038593769073,0.2987058460712433,0.3316935896873474,10,92.1
1000,jitter,10,1,10000,11000,0.38970664143562317,0.13813012838363647,0.28342291712760925,0.3597821593284607,14,92.2
1000,jitter,10,2,10000,11000,0.41624554991722107,0.14376623928546906,0.28730085492134094,0.33365941047668457,15,91.9
1000,gaussiana,10,0,10000,11000,0.4408801794052124,0.1474461704492569,0.29823049902915955,0.3166033625602722,41,91.9
1000,gaussiana,10,1,10000,11000,0.7134595513343811,0.2240598350763321,0.3676705062389374,-0.038492441177368164,0,91.8
1000,gaussiana,10,2,10000,11000,0.6990504860877991,0.20552271604537964,0.34550875425338745,0.047425031661987305,76,91.5
1000,block_bootstrap,10,0,10000,11000,0.47835448384284973,0.1467057466506958,0.30119696259498596,0.3200351595878601,53,92.6
1000,block_bootstrap,10,1,10000,11000,0.4550365209579468,0.14909780025482178,0.2974570691585541,0.30894821882247925,65,92.7
1000,block_bootstrap,10,2,10000,11000,0.4852806627750397,0.1591661125421524,0.30284222960472107,0.26228272914886475,59,92.6
1000,vae,10,0,10000,11000,0.39701521396636963,0.13490307331085205,0.28526338934898376,0.37473922967910767,90,95.2
1000,vae,10,1,10000,11000,0.5196472406387329,0.1731606274843216,0.31753820180892944,0.19741970300674438,5,95.1
1000,vae,10,2,10000,11000,0.4902431070804596,0.15600384771823883,0.3004719614982605,0.2769394516944885,11,95.3
1000,wgan_gp,10,0,10000,11000,0.6738057136535645,0.1956547647714615,0.34790948033332825,0.09316188097000122,123,104.5
1000,wgan_gp,10,1,10000,11000,0.4780629873275757,0.16355496644973755,0.3092173635959625,0.24194085597991943,41,105.2
1000,wgan_gp,10,2,10000,11000,0.6719613075256348,0.21562036871910095,0.36568477749824524,0.0006235241889953613,0,104.9
1000,realnvp,10,0,10000,11000,0.6691089272499084,0.19985820353031158,0.3650350272655487,0.07367938756942749,10,105.0
1000,realnvp,10,1,10000,11000,0.44002997875213623,0.14734779298305511,0.30068239569664,0.31705933809280396,15,105.5
1000,realnvp,10,2,10000,11000,0.46193060278892517,0.13779762387275696,0.29411938786506653,0.3613232970237732,40,105.5
1000,jitter,20,0,20000,21000,0.43637561798095703,0.1438697725534439,0.2976655066013336,0.3331795930862427,5,166.0
1000,jitter,20,1,20000,21000,0.41504108905792236,0.14512701332569122,0.29273155331611633,0.3273524045944214,4,165.8
1000,jitter,20,2,20000,21000,0.42544710636138916,0.146575465798378,0.2892914116382599,0.3206389546394348,7,165.4
1000,gaussiana,20,0,20000,21000,0.48610466718673706,0.1669478565454483,0.31903114914894104,0.2262151837348938,76,165.7
1000,gaussiana,20,1,20000,21000,0.7365561723709106,0.23031747341156006,0.36727920174598694,-0.06749594211578369,6,165.9
1000,gaussiana,20,2,20000,21000,0.8317738175392151,0.23167908191680908,0.3703876733779907,-0.07380688190460205,120,165.5
1000,block_bootstrap,20,0,20000,21000,0.48607468605041504,0.15239308774471283,0.30747029185295105,0.29367494583129883,51,166.7
1000,block_bootstrap,20,1,20000,21000,0.46730077266693115,0.15366621315479279,0.305245965719223,0.28777414560317993,37,167.1
1000,block_bootstrap,20,2,20000,21000,0.503402054309845,0.16335178911685944,0.3073239028453827,0.2428826093673706,54,167.2
1000,vae,20,0,20000,21000,0.40740618109703064,0.13889861106872559,0.28848952054977417,0.3562203645706177,57,168.9
1000,vae,20,1,20000,21000,0.5128124952316284,0.17361345887184143,0.3164727985858917,0.19532090425491333,89,169.3
1000,vae,20,2,20000,21000,0.5176336169242859,0.16554169356822968,0.3077917993068695,0.2327325940132141,58,168.8
1000,wgan_gp,20,0,20000,21000,0.6364726424217224,0.18441112339496613,0.3315824866294861,0.14527493715286255,88,178.1
1000,wgan_gp,20,1,20000,21000,0.4725331962108612,0.16525223851203918,0.31272655725479126,0.23407423496246338,67,178.0
1000,wgan_gp,20,2,20000,21000,0.6747459173202515,0.21777452528476715,0.3643491268157959,-0.009360790252685547,0,178.6
1000,realnvp,20,0,20000,21000,0.6745565533638,0.20485146343708038,0.35570093989372253,0.05053621530532837,2,178.8
1000,realnvp,20,1,20000,21000,0.4451073110103607,0.15067355334758759,0.3025220036506653,0.30164480209350586,6,178.1
1000,realnvp,20,2,20000,21000,0.4625566303730011,0.14857490360736847,0.301829993724823,0.3113718032836914,6,56.8
1000,jitter,30,0,30000,31000,0.464407742023468,0.1362043172121048,0.28995877504348755,0.36870813369750977,10,87.0
1000,jitter,30,1,30000,31000,0.3995295464992523,0.1397237479686737,0.28480714559555054,0.3523959517478943,4,90.8
1000,jitter,30,2,30000,31000,0.422194242477417,0.14094425737857819,0.2854422628879547,0.3467389941215515,6,91.0
1000,gaussiana,30,0,30000,31000,0.5234453678131104,0.175480455160141,0.3249353766441345,0.1866675615310669,53,90.9
1000,gaussiana,30,1,30000,31000,0.7625551819801331,0.23692399263381958,0.3726670444011688,-0.09811639785766602,4,91.1
1000,gaussiana,30,2,30000,31000,0.9178113341331482,0.2473551630973816,0.3844834268093109,-0.14646375179290771,102,90.8
1000,block_bootstrap,30,0,30000,31000,0.4800923764705658,0.14893662929534912,0.3039122521877289,0.3096952438354492,29,92.8
1000,block_bootstrap,30,1,30000,31000,0.47869470715522766,0.1574399471282959,0.3059118390083313,0.2702833414077759,18,92.4
1000,block_bootstrap,30,2,30000,31000,0.5008915662765503,0.16304779052734375,0.3057419955730438,0.24429160356521606,42,92.9
1000,vae,30,0,30000,31000,0.40684768557548523,0.1361292451620102,0.2828821837902069,0.3690560460090637,69,117.9
1000,vae,30,1,30000,31000,0.5186280012130737,0.17490151524543762,0.3170638382434845,0.1893509030342102,87,244.1
1000,vae,30,2,30000,31000,0.5283271074295044,0.16610532999038696,0.30791547894477844,0.2301202416419983,27,237.6
1000,wgan_gp,30,0,30000,31000,0.7346500754356384,0.19664326310157776,0.3444630205631256,0.08858031034469604,131,96.9
1000,wgan_gp,30,1,30000,31000,0.5030978322029114,0.16881613433361053,0.3179745376110077,0.2175559401512146,95,101.7
1000,wgan_gp,30,2,30000,31000,0.7260956168174744,0.22832639515399933,0.3745490312576294,-0.05826747417449951,0,100.9
1000,realnvp,30,0,30000,31000,0.6777698993682861,0.20482735335826874,0.35563182830810547,0.05064797401428223,1,100.1
1000,realnvp,30,1,30000,31000,0.45158469676971436,0.1520637720823288,0.3052505552768707,0.29520130157470703,3,102.5
1000,realnvp,30,2,30000,31000,0.46809208393096924,0.1400405913591385,0.29800668358802795,0.3509274125099182,10,103.1
250,ninguno,0.0,0,0,250,0.4640025794506073,0.15053918957710266,0.306832492351532,0.30226755142211914,111,9.9
250,ninguno,0.0,1,0,250,0.4250088632106781,0.1529313325881958,0.2975464165210724,0.29118025302886963,161,6.8
250,ninguno,0.0,2,0,250,0.4946157932281494,0.16794408857822418,0.3111453354358673,0.2215977907180786,83,6.8
250,jitter,1,0,250,500,0.4348447024822235,0.14631660282611847,0.2990981638431549,0.3218387961387634,126,6.9
250,jitter,1,1,250,500,0.45053040981292725,0.16456730663776398,0.3092927634716034,0.23724877834320068,220,7.1
250,jitter,1,2,250,500,0.4659980833530426,0.1603211611509323,0.3098752498626709,0.2569292187690735,87,6.9
250,gaussiana,1,0,250,500,0.45231595635414124,0.1498323678970337,0.30372464656829834,0.30554360151290894,165,6.9
250,gaussiana,1,1,250,500,0.5737006068229675,0.18652036786079407,0.3278132677078247,0.13549882173538208,91,6.9
250,gaussiana,1,2,250,500,0.615961492061615,0.1974038928747177,0.33591413497924805,0.08505487442016602,140,5.5
250,block_bootstrap,1,0,250,500,0.4463270902633667,0.14914849400520325,0.3064034581184387,0.30871325731277466,148,7.4
250,block_bootstrap,1,1,250,500,0.5756827592849731,0.1813795417547226,0.3213382661342621,0.1593259572982788,223,6.4
250,block_bootstrap,1,2,250,500,0.6479867100715637,0.21061237156391144,0.3474559485912323,0.02383500337600708,250,6.7
250,vae,1,0,250,500,0.47419413924217224,0.16090035438537598,0.3161461353302002,0.25424468517303467,85,8.7
250,vae,1,1,250,500,0.5356211066246033,0.1773054301738739,0.3196614980697632,0.17820900678634644,232,8.5
250,vae,1,2,250,500,0.5082467794418335,0.17188768088817596,0.31279850006103516,0.20331966876983643,226,8.7
250,wgan_gp,1,0,250,500,0.5615441799163818,0.18214677274227142,0.33144426345825195,0.155769944190979,157,13.7
250,wgan_gp,1,1,250,500,0.6213544011116028,0.21314918994903564,0.36002302169799805,0.012077152729034424,128,14.5
250,wgan_gp,1,2,250,500,0.5140926241874695,0.1720336526632309,0.31321120262145996,0.20264309644699097,108,14.3
250,realnvp,1,0,250,500,0.6687538623809814,0.20046737790107727,0.3508589267730713,0.07085597515106201,105,13.6
250,realnvp,1,1,250,500,0.4892110228538513,0.1650528609752655,0.30931586027145386,0.23499828577041626,126,13.4
250,realnvp,1,2,250,500,0.4689600467681885,0.1587449014186859,0.30505499243736267,0.2642350196838379,91,13.4
250,jitter,3,0,750,1000,0.4364638924598694,0.1454678475856781,0.2967807650566101,0.32577264308929443,127,7.5
250,jitter,3,1,750,1000,0.43077346682548523,0.1490539014339447,0.29540184140205383,0.30915170907974243,99,7.5
250,jitter,3,2,750,1000,0.5099686980247498,0.1697750687599182,0.316250205039978,0.21311140060424805,84,7.5
250,gaussiana,3,0,750,1000,0.4530138671398163,0.14903153479099274,0.3046642541885376,0.30925536155700684,164,7.6
250,gaussiana,3,1,750,1000,0.6464897990226746,0.2070145606994629,0.34705451130867004,0.040510475635528564,96,7.5
250,gaussiana,3,2,750,1000,0.666915774345398,0.20602187514305115,0.344459593296051,0.04511147737503052,224,6.9
250,block_bootstrap,3,0,750,1000,0.4727488160133362,0.1563853919506073,0.31248027086257935,0.27517104148864746,142,7.4
250,block_bootstrap,3,1,750,1000,0.6431722640991211,0.19871938228607178,0.33931034803390503,0.07895773649215698,96,7.0
250,block_bootstrap,3,2,750,1000,0.7085216045379639,0.2263428419828415,0.36252522468566895,-0.04907393455505371,265,7.3
250,vae,3,0,750,1000,0.5373751521110535,0.1666502058506012,0.3266296982765198,0.227594792842865,155,8.8
250,vae,3,1,750,1000,0.5639659762382507,0.1871529370546341,0.3289841115474701,0.1325669288635254,244,9.0
250,vae,3,2,750,1000,0.5511482357978821,0.18389281630516052,0.32434988021850586,0.14767718315124512,130,8.6
250,wgan_gp,3,0,750,1000,0.5565980076789856,0.17891545593738556,0.32589191198349,0.17074674367904663,299,13.9
250,wgan_gp,3,1,750,1000,0.6515386700630188,0.22165264189243317,0.36618882417678833,-0.027335405349731445,267,11.2
250,wgan_gp,3,2,750,1000,0.5489085912704468,0.176580011844635,0.31901824474334717,0.18157124519348145,178,14.1
250,realnvp,3,0,750,1000,0.6751104593276978,0.20493130385875702,0.35419097542762756,0.05016613006591797,57,14.0
250,realnvp,3,1,750,1000,0.4588831961154938,0.15948428213596344,0.3043942451477051,0.2608080506324768,248,13.6
250,realnvp,3,2,750,1000,0.4824163019657135,0.15858334302902222,0.305116206407547,0.2649838328361511,108,13.8
250,jitter,5,0,1250,1500,0.45510154962539673,0.14848695695400238,0.30364295840263367,0.3117794394493103,58,9.8
250,jitter,5,1,1250,1500,0.4227335751056671,0.15331324934959412,0.2989259660243988,0.2894101142883301,101,10.0
250,jitter,5,2,1250,1500,0.503786027431488,0.1705760508775711,0.3138350248336792,0.20939892530441284,88,10.0
250,gaussiana,5,0,1250,1500,0.4453737735748291,0.1498372107744217,0.30383551120758057,0.3055211305618286,153,9.9
250,gaussiana,5,1,1250,1500,0.6453331112861633,0.2069772630929947,0.3462181091308594,0.0406833291053772,48,10.1
250,gaussiana,5,2,1250,1500,0.6325312256813049,0.19704963266849518,0.33766376972198486,0.0866968035697937,135,9.9
250,block_bootstrap,5,0,1250,1500,0.4761996865272522,0.15734338760375977,0.31304699182510376,0.2707308530807495,119,9.7
250,block_bootstrap,5,1,1250,1500,0.5929950475692749,0.1917247176170349,0.33228757977485657,0.11137723922729492,206,10.0
250,block_bootstrap,5,2,1250,1500,0.6430786848068237,0.20764730870723724,0.34527963399887085,0.03757774829864502,125,10.1
250,vae,5,0,1250,1500,0.5062623023986816,0.16580304503440857,0.3220959007740021,0.23152130842208862,107,11.5
250,vae,5,1,1250,1500,0.6002017259597778,0.1978258341550827,0.34120017290115356,0.08309918642044067,192,11.4
250,vae,5,2,1250,1500,0.5627744793891907,0.1866200715303421,0.3247256577014923,0.13503670692443848,111,11.4
250,wgan_gp,5,0,1250,1500,0.4605478346347809,0.15035957098007202,0.3015575706958771,0.303100049495697,166,17.3
250,wgan_gp,5,1,1250,1500,0.5745201110839844,0.20451697707176208,0.3515236973762512,0.05208653211593628,187,17.1
250,wgan_gp,5,2,1250,1500,0.5445225238800049,0.16930164396762848,0.31353217363357544,0.21530568599700928,111,17.4
250,realnvp,5,0,1250,1500,0.6784783005714417,0.216513991355896,0.36491355299949646,-0.003518342971801758,3,15.9
250,realnvp,5,1,1250,1500,0.4362994134426117,0.1499345749616623,0.29712584614753723,0.30506986379623413,180,16.1
250,realnvp,5,2,1250,1500,0.48534101247787476,0.16091585159301758,0.30655837059020996,0.2541728615760803,55,16.2
250,jitter,10,0,2500,2750,0.45714831352233887,0.1479998379945755,0.3006792962551117,0.3140372037887573,41,12.9
250,jitter,10,1,2500,2750,0.40005871653556824,0.14300718903541565,0.2867269814014435,0.337177574634552,87,12.9
250,jitter,10,2,2500,2750,0.4917149245738983,0.1683049201965332,0.3113338053226471,0.21992534399032593,50,12.8
250,gaussiana,10,0,2500,2750,0.4520958364009857,0.14851458370685577,0.30110928416252136,0.31165140867233276,186,12.6
250,gaussiana,10,1,2500,2750,0.6495137810707092,0.20342501997947693,0.34301772713661194,0.05714762210845947,31,12.8
250,gaussiana,10,2,2500,2750,0.7088711261749268,0.20998285710811615,0.34865742921829224,0.026752769947052002,89,13.1
250,block_bootstrap,10,0,2500,2750,0.4852745532989502,0.16033168137073517,0.3150717318058014,0.2568804621696472,69,13.2
250,block_bootstrap,10,1,2500,2750,0.634822428226471,0.19631367921829224,0.337190181016922,0.09010785818099976,76,13.2
250,block_bootstrap,10,2,2500,2750,0.6476799845695496,0.2036910504102707,0.34262531995773315,0.05591458082199097,128,13.1
250,vae,10,0,2500,2750,0.5109567046165466,0.15652543306350708,0.31575098633766174,0.27452200651168823,155,14.2
250,vae,10,1,2500,2750,0.5306151509284973,0.1815592497587204,0.32422634959220886,0.1584930419921875,224,13.6
250,vae,10,2,2500,2750,0.5659784078598022,0.18903832137584686,0.32753095030784607,0.12382835149765015,165,14.7
250,wgan_gp,10,0,2500,2750,0.5196826457977295,0.17084263265132904,0.3222050666809082,0.20816338062286377,101,20.4
250,wgan_gp,10,1,2500,2750,0.4784853458404541,0.17085608839988708,0.3227640688419342,0.20810097455978394,223,20.3
250,wgan_gp,10,2,2500,2750,0.5788004994392395,0.1744956225156784,0.31753355264663696,0.19123214483261108,107,20.0
250,realnvp,10,0,2500,2750,0.6748714447021484,0.20440253615379333,0.35515525937080383,0.05261695384979248,22,19.2
250,realnvp,10,1,2500,2750,0.4748159945011139,0.16113407909870148,0.3089964985847473,0.2531614303588867,72,19.6
250,realnvp,10,2,2500,2750,0.48702919483184814,0.15739062428474426,0.3069937527179718,0.2705119252204895,130,19.5
250,jitter,20,0,5000,5250,0.4562970697879791,0.1480599343776703,0.3012228310108185,0.31375861167907715,22,20.9
250,jitter,20,1,5000,5250,0.4279025197029114,0.15012384951114655,0.29574528336524963,0.30419260263442993,63,20.8
250,jitter,20,2,5000,5250,0.4372885525226593,0.152074933052063,0.3000616133213043,0.295149564743042,13,21.0
250,gaussiana,20,0,5000,5250,0.44546982645988464,0.14934319257736206,0.30042141675949097,0.30781090259552,85,21.2
250,gaussiana,20,1,5000,5250,0.7111586928367615,0.21888573467731476,0.35631802678108215,-0.0145111083984375,33,20.9
250,gaussiana,20,2,5000,5250,0.6737805008888245,0.20218418538570404,0.3402094841003418,0.06289875507354736,65,21.0
250,block_bootstrap,20,0,5000,5250,0.4699033200740814,0.1537034809589386,0.3090551495552063,0.28760141134262085,76,20.6
250,block_bootstrap,20,1,5000,5250,0.5745448470115662,0.17978286743164062,0.32154688239097595,0.16672635078430176,69,20.4
250,block_bootstrap,20,2,5000,5250,0.6479300856590271,0.20675551891326904,0.3439265787601471,0.04171109199523926,154,20.5
250,vae,20,0,5000,5250,0.4959985315799713,0.15687011182308197,0.31412965059280396,0.27292442321777344,77,21.6
250,vae,20,1,5000,5250,0.560457706451416,0.1844858080148697,0.32609307765960693,0.14492875337600708,120,22.2
250,vae,20,2,5000,5250,0.5495516657829285,0.1775212585926056,0.3166539669036865,0.17720866203308105,67,22.3
250,wgan_gp,20,0,5000,5250,0.5555322170257568,0.16907860338687897,0.32205313444137573,0.21633940935134888,125,27.5
250,wgan_gp,20,1,5000,5250,0.5636390447616577,0.19471459090709686,0.3427334725856781,0.09751945734024048,250,26.8
250,wgan_gp,20,2,5000,5250,0.5713544487953186,0.17466244101524353,0.31688573956489563,0.19045895338058472,88,26.5
250,realnvp,20,0,5000,5250,0.6848620772361755,0.21825255453586578,0.3649781346321106,-0.011576414108276367,0,26.6
250,realnvp,20,1,5000,5250,0.4827113151550293,0.1660390943288803,0.3143513798713684,0.23042720556259155,33,25.7
250,realnvp,20,2,5000,5250,0.524726152420044,0.1669120043516159,0.321329802274704,0.2263813614845276,22,26.7
250,jitter,30,0,7500,7750,0.4404277205467224,0.14671394228935242,0.30129724740982056,0.3199971318244934,14,27.0
250,jitter,30,1,7500,7750,0.42052197456359863,0.14997968077659607,0.29472705721855164,0.30486083030700684,35,27.2
250,jitter,30,2,7500,7750,0.5090818405151367,0.1725975126028061,0.3158097565174103,0.2000296711921692,18,26.7
250,gaussiana,30,0,7500,7750,0.44951269030570984,0.1491345763206482,0.2994871437549591,0.3087778091430664,69,27.1
250,gaussiana,30,1,7500,7750,0.6973820328712463,0.21700119972229004,0.3547869026660919,-0.005776524543762207,15,27.1
250,gaussiana,30,2,7500,7750,0.6540142893791199,0.20220030844211578,0.34001705050468445,0.06282401084899902,43,27.1
250,block_bootstrap,30,0,7500,7750,0.47633060812950134,0.15533141791820526,0.31098851561546326,0.2800561189651489,56,27.6
250,block_bootstrap,30,1,7500,7750,0.5557883977890015,0.1766049861907959,0.31906643509864807,0.18145549297332764,32,27.4
250,block_bootstrap,30,2,7500,7750,0.6182104349136353,0.19857072830200195,0.33690929412841797,0.07964670658111572,102,27.4
250,vae,30,0,7500,7750,0.4848271310329437,0.15759319067001343,0.31341713666915894,0.26957303285598755,65,28.3
250,vae,30,1,7500,7750,0.5822765827178955,0.19246144592761993,0.3330090641975403,0.10796254873275757,120,28.6
250,vae,30,2,7500,7750,0.5596218705177307,0.178909569978714,0.3202019929885864,0.17077398300170898,85,28.4
250,wgan_gp,30,0,7500,7750,0.5986672639846802,0.17345751821994781,0.3268629014492035,0.19604367017745972,111,33.3
250,wgan_gp,30,1,7500,7750,0.6452527046203613,0.20880448818206787,0.35589900612831116,0.032214343547821045,140,33.6
250,wgan_gp,30,2,7500,7750,0.540050208568573,0.1718849092721939,0.31760552525520325,0.2033325433731079,69,31.7
250,realnvp,30,0,7500,7750,0.6828517317771912,0.21765485405921936,0.3648497760295868,-0.008806109428405762,0,32.6
250,realnvp,30,1,7500,7750,0.46862655878067017,0.16016657650470734,0.30659258365631104,0.2576456665992737,18,32.2
250,realnvp,30,2,7500,7750,0.49215149879455566,0.16086389124393463,0.30988505482673645,0.2544137239456177,15,33.3
500,ninguno,0.0,0,0,500,0.4464818239212036,0.14214879274368286,0.2968779504299164,0.34115612506866455,159,6.9
500,ninguno,0.0,1,0,500,0.42963969707489014,0.15907010436058044,0.30331552028656006,0.2627277374267578,251,6.9
500,ninguno,0.0,2,0,500,0.4691449999809265,0.16135099530220032,0.304232656955719,0.25215601921081543,253,6.8
500,jitter,1,0,500,1000,0.4536026120185852,0.14650118350982666,0.29831698536872864,0.32098329067230225,107,7.5
500,jitter,1,1,500,1000,0.4314248561859131,0.1561608612537384,0.3006654679775238,0.2762117385864258,205,7.5
500,jitter,1,2,500,1000,0.4621393084526062,0.15654483437538147,0.299145370721817,0.27443206310272217,272,7.5
500,gaussiana,1,0,500,1000,0.4366779327392578,0.14590765535831451,0.29858502745628357,0.32373422384262085,211,7.5
500,gaussiana,1,1,500,1000,0.5961296558380127,0.1974422186613083,0.33980846405029297,0.08487725257873535,213,7.4
500,gaussiana,1,2,500,1000,0.5604825615882874,0.18591062724590302,0.3262861669063568,0.13832485675811768,100,7.4
500,block_bootstrap,1,0,500,1000,0.49444177746772766,0.16291014850139618,0.3200768232345581,0.24492955207824707,110,7.5
500,block_bootstrap,1,1,500,1000,0.5802269577980042,0.18254494667053223,0.3234637677669525,0.15392440557479858,73,7.4
500,block_bootstrap,1,2,500,1000,0.6084740161895752,0.20141403377056122,0.34086886048316956,0.06646829843521118,229,7.2
500,vae,1,0,500,1000,0.4516722559928894,0.1434672623872757,0.29716166853904724,0.3350451588630676,167,8.8
500,vae,1,1,500,1000,0.4923219084739685,0.16623039543628693,0.3095252215862274,0.22954058647155762,247,8.9
500,vae,1,2,500,1000,0.5323038697242737,0.17497575283050537,0.3155154585838318,0.18900680541992188,241,8.8
500,wgan_gp,1,0,500,1000,0.5624478459358215,0.16720065474510193,0.3251308500766754,0.22504353523254395,215,14.2
500,wgan_gp,1,1,500,1000,0.4834652245044708,0.16571539640426636,0.3071215748786926,0.2319275140762329,222,14.4
500,wgan_gp,1,2,500,1000,0.5008087158203125,0.1667734831571579,0.3102830648422241,0.2270234227180481,95,14.3
500,realnvp,1,0,500,1000,0.5409601926803589,0.17169572412967682,0.3311154544353485,0.20420938730239868,81,13.5
500,realnvp,1,1,500,1000,0.46174100041389465,0.16338782012462616,0.3080576956272125,0.24271559715270996,254,12.9
500,realnvp,1,2,500,1000,0.49515244364738464,0.1636647880077362,0.3057042360305786,0.24143189191818237,291,13.4
500,jitter,3,0,1500,2000,0.43477147817611694,0.14510905742645264,0.29484233260154724,0.32743561267852783,62,10.3
500,jitter,3,1,1500,2000,0.40000486373901367,0.14771254360675812,0.29219380021095276,0.31536877155303955,153,10.4
500,jitter,3,2,1500,2000,0.44323524832725525,0.1477067470550537,0.2925344705581665,0.3153955936431885,129,10.5
500,gaussiana,3,0,1500,2000,0.44549334049224854,0.14964336156845093,0.30173543095588684,0.30641961097717285,213,10.5
500,gaussiana,3,1,1500,2000,0.6375994682312012,0.19850905239582062,0.3390123248100281,0.0799325704574585,49,10.4
500,gaussiana,3,2,1500,2000,0.578762948513031,0.18542854487895966,0.32556086778640747,0.14055925607681274,129,10.3
500,block_bootstrap,3,0,1500,2000,0.4887632727622986,0.16119790077209473,0.3166137635707855,0.25286561250686646,57,10.4
500,block_bootstrap,3,1,1500,2000,0.5969663858413696,0.1902007758617401,0.3296208679676056,0.11844050884246826,194,10.2
500,block_bootstrap,3,2,1500,2000,0.58577960729599,0.18718713521957397,0.32897743582725525,0.13240838050842285,190,10.4
500,vae,3,0,1500,2000,0.4543612599372864,0.14552532136440277,0.29946964979171753,0.3255062699317932,142,11.7
500,vae,3,1,1500,2000,0.5103784799575806,0.17194095253944397,0.31610164046287537,0.20307278633117676,190,11.9
500,vae,3,2,1500,2000,0.5339568853378296,0.17517706751823425,0.3157366216182709,0.1880737543106079,179,11.7
500,wgan_gp,3,0,1500,2000,0.5885534286499023,0.1740891933441162,0.3329240679740906,0.19311589002609253,111,17.4
500,wgan_gp,3,1,1500,2000,0.4612267017364502,0.1597306728363037,0.30084970593452454,0.2596660852432251,184,17.1
500,wgan_gp,3,2,1500,2000,0.510675847530365,0.1672498881816864,0.30894893407821655,0.22481530904769897,143,17.1
500,realnvp,3,0,1500,2000,0.6085039377212524,0.1794031262397766,0.3378974199295044,0.16848641633987427,57,16.0
500,realnvp,3,1,1500,2000,0.4300009608268738,0.14899785816669464,0.2984499931335449,0.3094114661216736,255,16.3
500,realnvp,3,2,1500,2000,0.4542149305343628,0.14825321733951569,0.29425254464149475,0.3128628134727478,239,15.7
500,jitter,5,0,2500,3000,0.4438050091266632,0.14175637066364288,0.29444923996925354,0.3429749608039856,45,13.0
500,jitter,5,1,2500,3000,0.3977687656879425,0.14803288877010345,0.29237791895866394,0.3138839602470398,68,12.9
500,jitter,5,2,2500,3000,0.43813109397888184,0.14942795038223267,0.292294979095459,0.3074180483818054,77,13.1
500,gaussiana,5,0,2500,3000,0.467559814453125,0.15331248939037323,0.3054500222206116,0.2894136309623718,67,12.9
500,gaussiana,5,1,2500,3000,0.6627402901649475,0.20595602691173553,0.346673846244812,0.04541665315628052,38,13.0
500,gaussiana,5,2,2500,3000,0.5857694149017334,0.18441006541252136,0.32303935289382935,0.14527982473373413,101,12.9
500,block_bootstrap,5,0,2500,3000,0.4894322156906128,0.15740449726581573,0.31262093782424927,0.27044761180877686,72,13.2
500,block_bootstrap,5,1,2500,3000,0.5919009447097778,0.18497179448604584,0.3259274661540985,0.1426762342453003,117,13.1
500,block_bootstrap,5,2,2500,3000,0.6547674536705017,0.20466572046279907,0.3443962633609772,0.051397085189819336,164,13.1
500,vae,5,0,2500,3000,0.44781219959259033,0.14215916395187378,0.2933713495731354,0.3411080241203308,124,14.1
500,vae,5,1,2500,3000,0.5007781982421875,0.17261089384555817,0.31657296419143677,0.19996768236160278,135,14.1
500,vae,5,2,2500,3000,0.5658055543899536,0.18207381665706635,0.3226223587989807,0.1561080813407898,133,14.4
500,wgan_gp,5,0,2500,3000,0.6305396556854248,0.17448017001152039,0.33126959204673767,0.1913037896156311,211,19.9
500,wgan_gp,5,1,2500,3000,0.4640115201473236,0.16334138810634613,0.3060063421726227,0.24293076992034912,121,19.7
500,wgan_gp,5,2,2500,3000,0.508762538433075,0.1681922972202301,0.3097204864025116,0.2204473614692688,136,19.7
500,realnvp,5,0,2500,3000,0.6373124718666077,0.1959415078163147,0.35214611887931824,0.09183287620544434,33,19.2
500,realnvp,5,1,2500,3000,0.4139901399612427,0.14465747773647308,0.2950112521648407,0.3295286297798157,146,19.1
500,realnvp,5,2,2500,3000,0.4519426226615906,0.14455194771289825,0.29391321539878845,0.33001774549484253,188,19.3
500,jitter,10,0,5000,5500,0.4291134774684906,0.14170853793621063,0.29269152879714966,0.3431966304779053,27,20.9
500,jitter,10,1,5000,5500,0.4039396643638611,0.1496616005897522,0.29428550601005554,0.30633509159088135,30,20.2
500,jitter,10,2,5000,5500,0.43644529581069946,0.15221014618873596,0.2962218225002289,0.29452288150787354,31,21.0
500,gaussiana,10,0,5000,5500,0.49811020493507385,0.16172043979167938,0.31347572803497314,0.250443696975708,57,21.3
500,gaussiana,10,1,5000,5500,0.6767522096633911,0.20902404189109802,0.3493654131889343,0.031196773052215576,21,21.2
500,gaussiana,10,2,5000,5500,0.6592458486557007,0.20679977536201477,0.3446996808052063,0.04150599241256714,59,21.6
500,block_bootstrap,10,0,5000,5500,0.48703017830848694,0.15638720989227295,0.3111129105091095,0.27516263723373413,51,22.1
500,block_bootstrap,10,1,5000,5500,0.5666584968566895,0.1771542727947235,0.31809353828430176,0.17890959978103638,52,21.6
500,block_bootstrap,10,2,5000,5500,0.6106963753700256,0.19564326107501984,0.337803453207016,0.0932152271270752,126,21.4
500,vae,10,0,5000,5500,0.46278318762779236,0.14656920731067657,0.2986208498477936,0.32066798210144043,56,22.6
500,vae,10,1,5000,5500,0.5061816573143005,0.1724267452955246,0.3158749043941498,0.2008211612701416,76,22.5
500,vae,10,2,5000,5500,0.5918339490890503,0.176421120762825,0.319174200296402,0.1823076605796814,167,22.6
500,wgan_gp,10,0,5000,5500,0.5922190546989441,0.1736498922109604,0.330316960811615,0.19515204429626465,85,27.7
500,wgan_gp,10,1,5000,5500,0.45479872822761536,0.15579642355442047,0.2986281216144562,0.2779008746147156,166,27.9
500,wgan_gp,10,2,5000,5500,0.5061384439468384,0.16048581898212433,0.3055178225040436,0.2561660408973694,109,27.9
500,realnvp,10,0,5000,5500,0.653166651725769,0.20123112201690674,0.3577810525894165,0.06731605529785156,13,26.6
500,realnvp,10,1,5000,5500,0.42471835017204285,0.15095771849155426,0.3006450831890106,0.30032771825790405,30,27.7
500,realnvp,10,2,5000,5500,0.48539695143699646,0.15494823455810547,0.30562567710876465,0.28183215856552124,72,26.9
500,jitter,20,0,10000,10500,0.43132996559143066,0.13149122893810272,0.28081566095352173,0.3905527591705322,22,34.3
500,jitter,20,1,10000,10500,0.40852680802345276,0.14952531456947327,0.2957082688808441,0.30696678161621094,20,34.8
500,jitter,20,2,10000,10500,0.436255544424057,0.15186679363250732,0.2944890558719635,0.2961142659187317,19,34.9
500,gaussiana,20,0,10000,10500,0.650532603263855,0.1993367224931717,0.33912140130996704,0.07609641551971436,51,34.6
500,gaussiana,20,1,10000,10500,0.701546311378479,0.21487043797969818,0.35325339436531067,0.004099369049072266,9,35.2
500,gaussiana,20,2,10000,10500,0.7196561098098755,0.22415220737457275,0.36113426089286804,-0.03892064094543457,49,35.6
500,block_bootstrap,20,0,10000,10500,0.48971572518348694,0.1574563831090927,0.312027245759964,0.27020716667175293,32,36.4
500,block_bootstrap,20,1,10000,10500,0.556826651096344,0.17593790590763092,0.31785741448402405,0.1845473051071167,65,36.6
500,block_bootstrap,20,2,10000,10500,0.647075355052948,0.20644353330135345,0.34633398056030273,0.04315716028213501,77,36.6
500,vae,20,0,10000,10500,0.45308923721313477,0.14764240384101868,0.2990754544734955,0.31569385528564453,75,37.4
500,vae,20,1,10000,10500,0.5421875715255737,0.1775599867105484,0.31973913311958313,0.17702919244766235,66,37.3
500,vae,20,2,10000,10500,0.5678161382675171,0.1801161915063858,0.3231446146965027,0.1651814579963684,83,37.2
500,wgan_gp,20,0,10000,10500,0.5839660167694092,0.17608286440372467,0.3307636082172394,0.1838754415512085,87,40.9
500,wgan_gp,20,1,10000,10500,0.4392368197441101,0.15645769238471985,0.30207884311676025,0.2748359441757202,75,40.3
500,wgan_gp,20,2,10000,10500,0.5144156813621521,0.15568898618221283,0.2983552813529968,0.2783988118171692,56,41.5
500,realnvp,20,0,10000,10500,0.6891807317733765,0.20712536573410034,0.3634161651134491,0.0399969220161438,7,40.1
500,realnvp,20,1,10000,10500,0.4276396334171295,0.15061067044734955,0.2998959720134735,0.3019362688064575,17,41.6
500,realnvp,20,2,10000,10500,0.47735467553138733,0.15183298289775848,0.3026539981365204,0.2962709665298462,34,41.7
500,jitter,30,0,15000,15500,0.42078015208244324,0.13499818742275238,0.28292593359947205,0.3742983937263489,13,49.6
500,jitter,30,1,15000,15500,0.3856313228607178,0.14396736025810242,0.28953781723976135,0.33272725343704224,17,50.4
500,jitter,30,2,15000,15500,0.4422062933444977,0.14850060641765594,0.29135245084762573,0.3117161989212036,16,50.3
500,gaussiana,30,0,15000,15500,0.6871041655540466,0.21904954314231873,0.3646490275859833,-0.015270352363586426,0,50.0
500,gaussiana,30,1,15000,15500,0.7137146592140198,0.20716281235218048,0.3487602472305298,0.03982335329055786,5,49.8
500,gaussiana,30,2,15000,15500,0.8847525119781494,0.26953965425491333,0.3979591131210327,-0.24928641319274902,25,49.5
500,block_bootstrap,30,0,15000,15500,0.4911143481731415,0.15913964807987213,0.31187063455581665,0.2624053955078125,28,51.3
500,block_bootstrap,30,1,15000,15500,0.5471446514129639,0.17521974444389343,0.316882848739624,0.1878759264945984,58,52.0
500,block_bootstrap,30,2,15000,15500,0.6012133359909058,0.1907745599746704,0.33095794916152954,0.11578106880187988,40,53.4
500,vae,30,0,15000,15500,0.47297704219818115,0.1512022167444229,0.3027885854244232,0.2991945147514343,86,49.8
500,vae,30,1,15000,15500,0.5469747185707092,0.17654098570346832,0.317972868680954,0.18175214529037476,19,51.1
500,vae,30,2,15000,15500,0.661120593547821,0.19777585566043854,0.3393348753452301,0.08333086967468262,88,50.4
500,wgan_gp,30,0,15000,15500,0.5666678547859192,0.16961266100406647,0.32343238592147827,0.21386414766311646,86,57.2
500,wgan_gp,30,1,15000,15500,0.42270609736442566,0.15076054632663727,0.2972813546657562,0.30124157667160034,61,55.9
500,wgan_gp,30,2,15000,15500,0.5603005886077881,0.16752935945987701,0.30954813957214355,0.22352004051208496,53,56.5
500,realnvp,30,0,15000,15500,0.7031040787696838,0.20690195262432098,0.35798895359039307,0.04103243350982666,3,55.3
500,realnvp,30,1,15000,15500,0.42857518792152405,0.14948411285877228,0.2994408905506134,0.3071577548980713,11,55.3
500,realnvp,30,2,15000,15500,0.48047810792922974,0.15633520483970642,0.3072368800640106,0.2754036784172058,17,55.1
