n_real,generador,ratio,seed,n_synth,n_train,val_mse,test_mse,test_mae,test_r2,epoca_mejor,segundos,receta
250,wgan_gp,2.0,0,500,750,0.8463321328163147,0.2794335186481476,0.4026891887187958,-0.1987038850784301,0,4.5,f16761a9
250,wgan_gp,2.0,1,500,750,0.6854034066200256,0.2339518219232559,0.3738301694393158,-0.0035980939865112,7,4.6,f16761a9
250,wgan_gp,2.0,2,500,750,0.8522878885269165,0.2810620069503784,0.4039465188980102,-0.2056896686553955,0,4.5,f16761a9
250,wgan_gp,4.0,0,1000,1250,0.8923496603965759,0.2922931611537933,0.4126031398773193,-0.2538686990737915,0,5.4,f16761a9
250,wgan_gp,4.0,1,1000,1250,0.6853764653205872,0.2339631021022796,0.3737304210662842,-0.0036464929580688,3,5.4,f16761a9
250,wgan_gp,4.0,2,1000,1250,0.731181263923645,0.2706722021102905,0.3909597992897033,-0.1611199378967285,93,5.4,f16761a9
250,wgan_gp,12.0,0,3000,3250,0.8897753953933716,0.2980501055717468,0.4116700887680053,-0.2785646915435791,85,8.6,f16761a9
250,wgan_gp,12.0,1,3000,3250,0.6813544631004333,0.2284490913152694,0.3662071228027344,0.020007312297821,94,8.6,f16761a9
250,wgan_gp,12.0,2,3000,3250,0.690518856048584,0.2613128423690796,0.3810724914073944,-0.1209704875946044,81,8.6,f16761a9
250,wgan_gp,28.0,0,7000,7250,0.8866023421287537,0.2931948602199554,0.4080075323581695,-0.2577368021011352,96,15.2,f16761a9
250,wgan_gp,28.0,1,7000,7250,0.6684306263923645,0.2254842072725296,0.3639948666095733,0.0327259302139282,93,15.1,f16761a9
250,wgan_gp,28.0,2,7000,7250,0.6158140301704407,0.2260667830705642,0.35397669672966,0.0302268266677856,95,15.2,f16761a9
250,wgan_gp,80.0,0,20000,20250,0.6696577668190002,0.2257475554943084,0.355663001537323,0.0315962433815002,94,36.0,f16761a9
250,wgan_gp,80.0,1,20000,20250,0.556165337562561,0.1999693214893341,0.3378230929374695,0.1421787738800048,99,36.0,f16761a9
250,wgan_gp,80.0,2,20000,20250,0.5444560647010803,0.2078343629837036,0.3373443484306335,0.1084396243095398,53,36.0,f16761a9
1000,wgan_gp,0.5,0,500,1500,0.4732337892055511,0.1693946719169616,0.3072889745235443,0.2733368277549743,99,6.2,f16761a9
1000,wgan_gp,0.5,1,500,1500,0.6596552729606628,0.2275505661964416,0.3658013939857483,0.0238617658615112,99,6.3,f16761a9
1000,wgan_gp,0.5,2,500,1500,0.4417480230331421,0.1717487275600433,0.3158204555511474,0.2632384896278381,52,6.3,f16761a9
1000,wgan_gp,1.0,0,1000,2000,0.6106421947479248,0.2041672617197036,0.3374894857406616,0.1241706013679504,99,7.2,f16761a9
1000,wgan_gp,1.0,1,1000,2000,0.6868032813072205,0.2341971099376678,0.3747528791427612,-0.0046503543853759,3,7.1,f16761a9
1000,wgan_gp,1.0,2,1000,2000,0.453666478395462,0.1721492856740951,0.3197769522666931,0.2615201473236084,59,7.1,f16761a9
1000,wgan_gp,3.0,0,3000,4000,0.5673678517341614,0.1923805326223373,0.328687310218811,0.1747328639030456,91,10.3,f16761a9
1000,wgan_gp,3.0,1,3000,4000,0.5183054804801941,0.1794043034315109,0.3227825462818146,0.230397880077362,72,10.3,f16761a9
1000,wgan_gp,3.0,2,3000,4000,0.4380050599575043,0.1598178446292877,0.3084094226360321,0.314419150352478,86,10.4,f16761a9
1000,wgan_gp,7.0,0,7000,8000,0.4503207802772522,0.1646801382303238,0.3032659590244293,0.293561041355133,80,16.8,f16761a9
1000,wgan_gp,7.0,1,7000,8000,0.4697431623935699,0.1631134301424026,0.3054912984371185,0.3002818822860718,96,16.9,f16761a9
1000,wgan_gp,7.0,2,7000,8000,0.4046427011489868,0.1501887291669845,0.2953924536705017,0.3557257652282715,79,16.8,f16761a9
1000,wgan_gp,20.0,0,20000,21000,0.51877361536026,0.1836247593164444,0.3210946321487427,0.2122930884361267,50,37.8,f16761a9
1000,wgan_gp,20.0,1,20000,21000,0.4176971614360809,0.1538626849651336,0.295501559972763,0.3399654030799866,54,37.7,f16761a9
1000,wgan_gp,20.0,2,20000,21000,0.405487060546875,0.1476083695888519,0.2965481877326965,0.3667948842048645,38,37.7,f16761a9
3000,wgan_gp,0.1666666666666666,0,500,3500,0.5116080045700073,0.1789780855178833,0.3154430985450744,0.2322262525558471,29,11.8,f16761a9
3000,wgan_gp,0.1666666666666666,1,500,3500,0.4071429967880249,0.1527060121297836,0.2926793992519378,0.3449272513389587,71,11.6,f16761a9
3000,wgan_gp,0.1666666666666666,2,500,3500,0.3824427127838135,0.1475783735513687,0.2874038517475128,0.3669235706329345,83,11.6,f16761a9
3000,wgan_gp,0.3333333333333333,0,1000,4000,0.5689233541488647,0.1979083269834518,0.3318706452846527,0.1510199308395385,34,12.5,f16761a9
3000,wgan_gp,0.3333333333333333,1,1000,4000,0.4225087761878967,0.156533733010292,0.2958841323852539,0.3285071849822998,91,12.5,f16761a9
3000,wgan_gp,0.3333333333333333,2,1000,4000,0.3822768926620483,0.1460438072681427,0.285952478647232,0.373506486415863,99,12.6,f16761a9
3000,wgan_gp,1.0,0,3000,6000,0.6967695951461792,0.2321688532829284,0.3655972480773926,0.0040503740310668,87,15.8,f16761a9
3000,wgan_gp,1.0,1,3000,6000,0.4459413886070251,0.163777083158493,0.3022433519363403,0.29743492603302,26,15.7,f16761a9
3000,wgan_gp,1.0,2,3000,6000,0.4324243068695068,0.1568419337272644,0.2960666716098785,0.3271850943565368,21,15.7,f16761a9
3000,wgan_gp,2.333333333333333,0,7000,10000,0.6165778040885925,0.2274011224508285,0.3531046211719513,0.0245028138160705,76,22.2,f16761a9
3000,wgan_gp,2.333333333333333,1,7000,10000,0.4838826656341553,0.1649164855480194,0.3067109584808349,0.2925471663475036,43,22.2,f16761a9
3000,wgan_gp,2.333333333333333,2,7000,10000,0.4864701926708221,0.1700174957513809,0.3096433281898498,0.2706650495529175,14,22.2,f16761a9
3000,wgan_gp,6.666666666666667,0,20000,23000,0.5763756036758423,0.2253658473491668,0.349471777677536,0.0332337021827697,80,43.2,f16761a9
3000,wgan_gp,6.666666666666667,1,20000,23000,0.4518428742885589,0.1587038189172744,0.2987374365329742,0.3191980719566345,59,43.0,f16761a9
3000,wgan_gp,6.666666666666667,2,20000,23000,0.5634031891822815,0.1863113194704055,0.3235273361206054,0.2007684111595153,58,43.0,f16761a9
10000,wgan_gp,0.05,0,500,10500,0.357221245765686,0.1349298506975174,0.277167946100235,0.4211827516555786,62,30.1,f16761a9
10000,wgan_gp,0.05,1,500,10500,0.3594349920749664,0.1360716670751571,0.2782331705093384,0.4162846207618713,73,29.9,f16761a9
10000,wgan_gp,0.05,2,500,10500,0.3381883800029754,0.1344916969537735,0.2743423879146576,0.4230623245239258,66,30.1,f16761a9
10000,wgan_gp,0.1,0,1000,11000,0.3642944097518921,0.136459469795227,0.27845498919487,0.4146210551261902,76,30.8,f16761a9
10000,wgan_gp,0.1,1,1000,11000,0.3620891869068146,0.1340434104204177,0.2768965363502502,0.424985408782959,48,30.7,f16761a9
10000,wgan_gp,0.1,2,1000,11000,0.3458284139633178,0.1357113718986511,0.2754835188388824,0.417830228805542,72,30.9,f16761a9
10000,wgan_gp,0.3,0,3000,13000,0.4181928634643554,0.1560380607843399,0.2947913110256195,0.3306335210800171,13,34.0,f16761a9
10000,wgan_gp,0.3,1,3000,13000,0.3940507173538208,0.1430988609790802,0.2860675156116485,0.3861396312713623,68,34.0,f16761a9
10000,wgan_gp,0.3,2,3000,13000,0.3511519134044647,0.1361240744590759,0.2778329849243164,0.4160598516464233,66,34.2,f16761a9
10000,wgan_gp,0.7,0,7000,17000,0.4626169800758362,0.1668968647718429,0.3096606731414795,0.2840518355369568,67,40.6,f16761a9
10000,wgan_gp,0.7,1,7000,17000,0.4193280041217804,0.1492608487606048,0.2921740114688873,0.359706163406372,42,40.5,f16761a9
10000,wgan_gp,0.7,2,7000,17000,0.3732571899890899,0.1404129713773727,0.2823115587234497,0.3976614475250244,57,40.6,f16761a9
10000,wgan_gp,2.0,0,20000,30000,0.5266541242599487,0.1878449469804763,0.3285255432128906,0.1941894888877868,50,61.7,f16761a9
10000,wgan_gp,2.0,1,20000,30000,0.4981613159179687,0.1654397547245025,0.309918075799942,0.2903024554252624,14,62.0,f16761a9
10000,wgan_gp,2.0,2,20000,30000,0.4397333860397339,0.1587358713150024,0.2980359196662903,0.3190605640411377,22,61.6,f16761a9
20000,wgan_gp,0.025,0,500,20500,0.3570172488689422,0.1393409520387649,0.2818824052810669,0.4022601842880249,54,57.5,f16761a9
20000,wgan_gp,0.025,1,500,20500,0.3349850177764892,0.1292043775320053,0.270519345998764,0.4457436800003052,57,57.0,f16761a9
20000,wgan_gp,0.025,2,500,20500,0.3670310080051422,0.139137715101242,0.2809655964374542,0.4031320214271545,33,56.8,f16761a9
20000,wgan_gp,0.05,0,1000,21000,0.3485148251056671,0.1376301795244217,0.2808560132980346,0.4095990061759949,50,57.5,f16761a9
20000,wgan_gp,0.05,1,1000,21000,0.3386503159999847,0.1269354671239853,0.2698627114295959,0.4554767608642578,48,57.5,f16761a9
20000,wgan_gp,0.05,2,1000,21000,0.367683082818985,0.1336310654878616,0.2787050306797027,0.4267542362213135,27,57.4,f16761a9
20000,wgan_gp,0.15,0,3000,23000,0.3515289723873138,0.1446902304887771,0.285627156496048,0.379313051700592,27,60.6,f16761a9
20000,wgan_gp,0.15,1,3000,23000,0.3532718122005462,0.1308389753103256,0.2738254070281982,0.4387316703796386,47,60.6,f16761a9
20000,wgan_gp,0.15,2,3000,23000,0.3851005136966705,0.1390585303306579,0.2854225635528564,0.4034717082977295,21,60.6,f16761a9
20000,wgan_gp,0.35,0,7000,27000,0.3573565483093261,0.1465820372104644,0.2916888892650604,0.3711976408958435,38,67.2,f16761a9
20000,wgan_gp,0.35,1,7000,27000,0.3622016310691833,0.1345734149217605,0.2776705920696258,0.4227117896080017,36,67.2,f16761a9
20000,wgan_gp,0.35,2,7000,27000,0.4155266582965851,0.1403197646141052,0.2880217730998993,0.3980613350868225,24,67.3,f16761a9
20000,wgan_gp,1.0,0,20000,40000,0.3964371979236603,0.1618863493204116,0.3057573735713959,0.3055457472801208,21,88.3,f16761a9
20000,wgan_gp,1.0,1,20000,40000,0.388268381357193,0.1419590562582016,0.2872156202793121,0.3910291194915771,23,88.0,f16761a9
20000,wgan_gp,1.0,2,20000,40000,0.49440798163414,0.1700964868068695,0.3115419745445251,0.2703261971473694,20,88.8,f16761a9
